{
  "@context": [
    "https://doi.org/10.5063/schema/codemeta-2.0",
    "http://schema.org"
  ],
  "@type": "SoftwareSourceCode",
  "identifier": "mauricer",
  "description": "'BEAST2' (<http://www.beast2.org>) is a widely used\n    Bayesian phylogenetic tool, that uses DNA/RNA/protein data\n    and many model priors to create a posterior of jointly estimated \n    phylogenies and parameters.\n    'BEAST2' is commonly accompanied by 'BEAUti 2' (<http://www.beast2.org>),\n    which, among others, allows one to install 'BEAST2' package. \n    The mauricer package allows to install 'BEAST2' packages from 'R'.",
  "name": "mauricer: Install BEAST2 packages",
  "codeRepository": "https://github.com/ropensci/mauricer",
  "issueTracker": "https://github.com/ropensci/mauricer/issues",
  "license": "https://spdx.org/licenses/GPL-3.0",
  "version": "2.0.1",
  "programmingLanguage": {
    "@type": "ComputerLanguage",
    "name": "R",
    "version": "3.4.2",
    "url": "https://r-project.org"
  },
  "runtimePlatform": "R version 3.4.2 (2017-09-28)",
  "author": [],
  "maintainer": [
    {
      "@type": "Person",
      "givenName": ["Richèl", "J.C."],
      "familyName": "Bilderbeek",
      "email": "richel@richelbilderbeek.nl"
    }
  ],
  "softwareSuggestions": [
    {
      "@type": "SoftwareApplication",
      "identifier": "testit",
      "name": "testit",
      "provider": {
        "@id": "https://cran.r-project.org",
        "@type": "Organization",
        "name": "Comprehensive R Archive Network (CRAN)",
        "url": "https://cran.r-project.org"
      },
      "sameAs": "https://CRAN.R-project.org/package=testit"
    },
    {
      "@type": "SoftwareApplication",
      "identifier": "testthat",
      "name": "testthat",
      "provider": {
        "@id": "https://cran.r-project.org",
        "@type": "Organization",
        "name": "Comprehensive R Archive Network (CRAN)",
        "url": "https://cran.r-project.org"
      },
      "sameAs": "https://CRAN.R-project.org/package=testthat"
    },
    {
      "@type": "SoftwareApplication",
      "identifier": "knitr",
      "name": "knitr",
      "provider": {
        "@id": "https://cran.r-project.org",
        "@type": "Organization",
        "name": "Comprehensive R Archive Network (CRAN)",
        "url": "https://cran.r-project.org"
      },
      "sameAs": "https://CRAN.R-project.org/package=knitr"
    },
    {
      "@type": "SoftwareApplication",
      "identifier": "rmarkdown",
      "name": "rmarkdown",
      "provider": {
        "@id": "https://cran.r-project.org",
        "@type": "Organization",
        "name": "Comprehensive R Archive Network (CRAN)",
        "url": "https://cran.r-project.org"
      },
      "sameAs": "https://CRAN.R-project.org/package=rmarkdown"
    }
  ],
  "softwareRequirements": [
    {
      "@type": "SoftwareApplication",
      "identifier": "beastier",
      "name": "beastier"
    },
    {
      "@type": "SoftwareApplication",
      "identifier": "stringr",
      "name": "stringr",
      "provider": {
        "@id": "https://cran.r-project.org",
        "@type": "Organization",
        "name": "Comprehensive R Archive Network (CRAN)",
        "url": "https://cran.r-project.org"
      },
      "sameAs": "https://CRAN.R-project.org/package=stringr"
    }
  ],
  "releaseNotes": "https://github.com/ropensci/mauricer/blob/master/NEWS.md",
  "readme": "https://github.com/ropensci/mauricer/blob/master/README.md",
  "fileSize": "10.766KB",
  "contIntegration": [
    "https://travis-ci.org",
    "https://www.appveyor.com",
    "https://www.codecov.io",
    "https://travis-ci.org/ropensci/mauricer",
    "https://ci.appveyor.com/project/ropensci/mauricer/branch/master",
    "https://codecov.io/github/ropensci/mauricer/branch/master",
    "https://travis-ci.org/ropensci/mauricer",
    "https://ci.appveyor.com/project/ropensci/mauricer/branch/develop",
    "https://codecov.io/github/ropensci/mauricer/branch/develop",
    "https://travis-ci.org/ropensci/beastier",
    "https://codecov.io/github/ropensci/beastier/branch/master",
    "https://travis-ci.org/ropensci/babette",
    "https://codecov.io/github/ropensci/babette/branch/master",
    "https://travis-ci.org/ropensci/beautier",
    "https://codecov.io/github/ropensci/beautier/branch/master",
    "https://travis-ci.org/ropensci/lumier",
    "https://codecov.io/github/ropensci/lumier/branch/master",
    "https://travis-ci.org/ropensci/tracerer",
    "https://codecov.io/github/ropensci/tracerer/branch/master"
  ],
  "keywords": ["r", "r-package", "rstats"],
  "citation": [
    {
      "@type": "ScholarlyArticle",
      "datePublished": "2018",
      "author": [
        {
          "@type": "Person",
          "givenName": ["Richèl", "JC"],
          "familyName": "Bilderbeek"
        },
        {
          "@type": "Person",
          "givenName": ["Rampal", "S"],
          "familyName": "Etienne"
        }
      ],
      "name": "babette: BEAUti 2, BEAST 2 and Tracer for R",
      "url": "https://doi.org/10.1111/2041-210X.13032",
      "isPartOf": {
        "@type": "PublicationIssue",
        "datePublished": "2018",
        "isPartOf": {
          "@type": ["PublicationVolume", "Periodical"],
          "name": "Methods in Ecology and Evolution"
        }
      }
    }
  ]
}
