{
  "@context": [
    "https://doi.org/10.5063/schema/codemeta-2.0",
    "http://schema.org"
  ],
  "@type": "SoftwareSourceCode",
  "identifier": "beautier",
  "description": "'BEAST2' (<http://www.beast2.org>) is a widely used\n  Bayesian phylogenetic tool, that uses DNA/RNA/protein data\n  and many model priors to create a posterior of jointly estimated \n  phylogenies and parameters.\n  'BEAUti 2' (which is part of 'BEAST2') is a GUI tool \n  that allows users to specify the many possible setups\n  and generates the XML file 'BEAST2' needs to run.\n  This package provides a way to create 'BEAST2' input\n  files without active user input, but using\n  R function calls instead.",
  "name": "beautier: 'BEAUti' from R",
  "codeRepository": "https://github.com/ropensci/beautier",
  "issueTracker": "https://github.com/ropensci/beautier/issues",
  "license": "https://spdx.org/licenses/GPL-3.0",
  "version": "2.2",
  "programmingLanguage": {
    "@type": "ComputerLanguage",
    "name": "R",
    "version": "3.4.2",
    "url": "https://r-project.org"
  },
  "runtimePlatform": "R version 3.4.2 (2017-09-28)",
  "author": [
    {
      "@type": "Person",
      "givenName": "Richèl J.C.",
      "familyName": "Bilderbeek",
      "email": "richel@richelbilderbeek.nl",
      "@id": "https://orcid.org/0000-0003-1107-7049"
    }
  ],
  "contributor": [
    {
      "@type": "Person",
      "givenName": "Paul",
      "familyName": "Van Els"
    },
    {
      "@type": "Person",
      "givenName": "Raphael",
      "familyName": "Scherrer"
    },
    {
      "@type": "Person",
      "givenName": "Yacine B.",
      "familyName": "Chehida"
    },
    {
      "@type": "Person",
      "givenName": "Jana",
      "familyName": "Riederer"
    }
  ],
  "maintainer": [
    {
      "@type": "Person",
      "givenName": "Richèl J.C.",
      "familyName": "Bilderbeek",
      "email": "richel@richelbilderbeek.nl",
      "@id": "https://orcid.org/0000-0003-1107-7049"
    }
  ],
  "softwareSuggestions": [
    {
      "@type": "SoftwareApplication",
      "identifier": "spelling",
      "name": "spelling",
      "provider": {
        "@id": "https://cran.r-project.org",
        "@type": "Organization",
        "name": "Comprehensive R Archive Network (CRAN)",
        "url": "https://cran.r-project.org"
      },
      "sameAs": "https://CRAN.R-project.org/package=spelling"
    },
    {
      "@type": "SoftwareApplication",
      "identifier": "devtools",
      "name": "devtools",
      "provider": {
        "@id": "https://cran.r-project.org",
        "@type": "Organization",
        "name": "Comprehensive R Archive Network (CRAN)",
        "url": "https://cran.r-project.org"
      },
      "sameAs": "https://CRAN.R-project.org/package=devtools"
    },
    {
      "@type": "SoftwareApplication",
      "identifier": "knitr",
      "name": "knitr",
      "provider": {
        "@id": "https://cran.r-project.org",
        "@type": "Organization",
        "name": "Comprehensive R Archive Network (CRAN)",
        "url": "https://cran.r-project.org"
      },
      "sameAs": "https://CRAN.R-project.org/package=knitr"
    },
    {
      "@type": "SoftwareApplication",
      "identifier": "ggplot2",
      "name": "ggplot2",
      "provider": {
        "@id": "https://cran.r-project.org",
        "@type": "Organization",
        "name": "Comprehensive R Archive Network (CRAN)",
        "url": "https://cran.r-project.org"
      },
      "sameAs": "https://CRAN.R-project.org/package=ggplot2"
    },
    {
      "@type": "SoftwareApplication",
      "identifier": "hunspell",
      "name": "hunspell",
      "provider": {
        "@id": "https://cran.r-project.org",
        "@type": "Organization",
        "name": "Comprehensive R Archive Network (CRAN)",
        "url": "https://cran.r-project.org"
      },
      "sameAs": "https://CRAN.R-project.org/package=hunspell"
    },
    {
      "@type": "SoftwareApplication",
      "identifier": "lintr",
      "name": "lintr",
      "provider": {
        "@id": "https://cran.r-project.org",
        "@type": "Organization",
        "name": "Comprehensive R Archive Network (CRAN)",
        "url": "https://cran.r-project.org"
      },
      "sameAs": "https://CRAN.R-project.org/package=lintr"
    },
    {
      "@type": "SoftwareApplication",
      "identifier": "rmarkdown",
      "name": "rmarkdown",
      "provider": {
        "@id": "https://cran.r-project.org",
        "@type": "Organization",
        "name": "Comprehensive R Archive Network (CRAN)",
        "url": "https://cran.r-project.org"
      },
      "sameAs": "https://CRAN.R-project.org/package=rmarkdown"
    },
    {
      "@type": "SoftwareApplication",
      "identifier": "testthat",
      "name": "testthat",
      "provider": {
        "@id": "https://cran.r-project.org",
        "@type": "Organization",
        "name": "Comprehensive R Archive Network (CRAN)",
        "url": "https://cran.r-project.org"
      },
      "sameAs": "https://CRAN.R-project.org/package=testthat"
    }
  ],
  "softwareRequirements": [
    {
      "@type": "SoftwareApplication",
      "identifier": "ape",
      "name": "ape",
      "provider": {
        "@id": "https://cran.r-project.org",
        "@type": "Organization",
        "name": "Comprehensive R Archive Network (CRAN)",
        "url": "https://cran.r-project.org"
      },
      "sameAs": "https://CRAN.R-project.org/package=ape"
    },
    {
      "@type": "SoftwareApplication",
      "identifier": "geiger",
      "name": "geiger",
      "provider": {
        "@id": "https://cran.r-project.org",
        "@type": "Organization",
        "name": "Comprehensive R Archive Network (CRAN)",
        "url": "https://cran.r-project.org"
      },
      "sameAs": "https://CRAN.R-project.org/package=geiger"
    },
    {
      "@type": "SoftwareApplication",
      "identifier": "seqinr",
      "name": "seqinr",
      "provider": {
        "@id": "https://cran.r-project.org",
        "@type": "Organization",
        "name": "Comprehensive R Archive Network (CRAN)",
        "url": "https://cran.r-project.org"
      },
      "sameAs": "https://CRAN.R-project.org/package=seqinr"
    },
    {
      "@type": "SoftwareApplication",
      "identifier": "stringr",
      "name": "stringr",
      "provider": {
        "@id": "https://cran.r-project.org",
        "@type": "Organization",
        "name": "Comprehensive R Archive Network (CRAN)",
        "url": "https://cran.r-project.org"
      },
      "sameAs": "https://CRAN.R-project.org/package=stringr"
    },
    {
      "@type": "SoftwareApplication",
      "identifier": "testit",
      "name": "testit",
      "provider": {
        "@id": "https://cran.r-project.org",
        "@type": "Organization",
        "name": "Comprehensive R Archive Network (CRAN)",
        "url": "https://cran.r-project.org"
      },
      "sameAs": "https://CRAN.R-project.org/package=testit"
    }
  ],
  "releaseNotes": "https://github.com/ropensci/beautier/blob/master/NEWS.md",
  "readme": "https://github.com/ropensci/beautier/blob/master/README.md",
  "contIntegration": [
    "https://travis-ci.org",
    "https://www.appveyor.com",
    "https://www.codecov.io",
    "https://travis-ci.org/ropensci/beautier",
    "https://ci.appveyor.com/project/ropensci/beautier",
    "https://codecov.io/github/ropensci/beautier/branch/master",
    "https://travis-ci.org/ropensci/beautier",
    "https://ci.appveyor.com/project/ropensci/beautier",
    "https://codecov.io/github/ropensci/beautier/branch/develop"
  ],
  "citation": [
    {
      "@type": "ScholarlyArticle",
      "datePublished": "2018",
      "author": [
        {
          "@type": "Person",
          "givenName": ["Richèl", "JC"],
          "familyName": "Bilderbeek"
        },
        {
          "@type": "Person",
          "givenName": ["Rampal", "S"],
          "familyName": "Etienne"
        }
      ],
      "name": "babette: BEAUti 2, BEAST 2 and Tracer for R",
      "url": "https://doi.org/10.1111/2041-210X.13032",
      "isPartOf": {
        "@type": "PublicationIssue",
        "datePublished": "2018",
        "isPartOf": {
          "@type": ["PublicationVolume", "Periodical"],
          "name": "Methods in Ecology and Evolution"
        }
      }
    }
  ],
  "keywords": [
    "r",
    "r-package",
    "rstats"
  ]
}
