"","folder","site_model","clock_model","tree_prior","tree","marg_log_lik","marg_log_lik_sd","weight","ess"
"1","data/0.2-0-1-0.1/1","JC69","strict","birth_death","twin",-9620.34246162553,6.23210775221716,0.172944530473483,5.55756272761694
"2","data/0.2-0-1-0.1/1","JC69","strict","yule","twin",-9618.77756334557,6.42823080436516,0.827053339025092,6.77927065393714
"3","data/0.2-0-1-0.1/1","HKY","strict","yule","twin",-9631.64694490972,6.05489568108056,2.13025758593867e-06,10.4716184399284
"4","data/0.2-0-1-0.1/1","HKY","strict","birth_death","twin",-9640.72219022877,8.24063773236603,2.43838993234484e-10,4.74361130964188
"5","data/0.2-0-1-0.1/1","JC69","strict","birth_death","true",-9200.81024884545,5.96147509507272,0.000569836039556967,7.45134715779792
"6","data/0.2-0-1-0.1/1","JC69","strict","yule","true",-9193.34065695551,5.72988238723429,0.999430163944877,5.3403761928919
"7","data/0.2-0-1-0.1/1","HKY","strict","yule","true",-9218.81269508869,7.48566361672367,8.65738734051138e-12,8.15874459270639
"8","data/0.2-0-1-0.1/1","HKY","strict","birth_death","true",-9219.03839159931,7.36802585741297,6.90825085733378e-12,8.54273839454059
"9","data/0.2-0-1-0.1/2","JC69","strict","birth_death","twin",-8831.59118016437,6.99307076956248,0.999999929446701,6.9976698710632
"10","data/0.2-0-1-0.1/2","JC69","strict","yule","twin",-8848.22623111265,7.66352408033887,5.96333402669143e-08,6.01885186817466
"11","data/0.2-0-1-0.1/2","HKY","strict","yule","twin",-8852.93626904857,7.3515274818062,5.36964594971024e-10,6.71493465357453
"12","data/0.2-0-1-0.1/2","HKY","strict","birth_death","twin",-8849.97427666819,7.27428726176096,1.03829938662672e-08,6.51334130054004
"13","data/0.2-0-1-0.1/2","JC69","strict","birth_death","true",-8098.5209517956,8.08986113426695,0.000324485441316128,5.6752890095476
"14","data/0.2-0-1-0.1/2","JC69","strict","yule","true",-8090.48816583162,5.91935482509663,0.999516193252374,7.12196603340702
"15","data/0.2-0-1-0.1/2","HKY","strict","yule","true",-8099.23289052227,7.3578968842306,0.000159222396252243,13.7869175963367
"16","data/0.2-0-1-0.1/2","HKY","strict","birth_death","true",-8106.61673681331,7.88430447859042,9.89100579299852e-08,5.81184880249188
"17","data/0.2-0-1-0.15/17","JC69","strict","birth_death","twin",-7894.80185657405,5.57517476481446,0.999993744963906,11.3954164530764
"18","data/0.2-0-1-0.15/17","JC69","strict","yule","twin",-7906.788030745,7.22866655177905,6.22971217543874e-06,10.2093337846441
"19","data/0.2-0-1-0.15/17","HKY","strict","yule","twin",-7912.29410478591,7.34200795585285,2.53052369915491e-08,9.50641682789333
"20","data/0.2-0-1-0.15/17","HKY","strict","birth_death","twin",-7919.50531219273,7.69119104101967,1.86819766239834e-11,9.5073034328998
"21","data/0.2-0-1-0.15/17","JC69","strict","birth_death","true",-6499.3502682197,5.98212868775123,0.309993561482369,7.10701911310968
"22","data/0.2-0-1-0.15/17","JC69","strict","yule","true",-6498.6613868144,6.10720289889515,0.617348030122254,10.9057764005285
"23","data/0.2-0-1-0.15/17","HKY","strict","yule","true",-6500.89728446181,6.48356941215777,0.0659921163556955,6.22603450883354
"24","data/0.2-0-1-0.15/17","HKY","strict","birth_death","true",-6503.18975595829,5.17637725354262,0.00666629203968136,11.5799142252362
"25","data/0.2-0-1-0.15/18","JC69","strict","birth_death","twin",-8053.74224558801,7.66229278114782,0.999954091556907,6.09086528845769
"26","data/0.2-0-1-0.15/18","JC69","strict","yule","twin",-8071.48569316461,8.28291479822573,1.96833352401876e-08,12.1951822846625
"27","data/0.2-0-1-0.15/18","HKY","strict","yule","twin",-8071.22555557271,8.62081183583305,2.55314223542294e-08,7.47167968398298
"28","data/0.2-0-1-0.15/18","HKY","strict","birth_death","twin",-8063.73204656607,8.71202818881589,4.58632283356619e-05,5.79654053350047
"29","data/0.2-0-1-0.15/18","JC69","strict","birth_death","true",-7923.49908204912,7.37302527688719,0.999771837019035,13.2184463137448
"30","data/0.2-0-1-0.15/18","JC69","strict","yule","true",-7931.88468539085,7.45948524813086,0.000228076027475818,9.89900448497134
"31","data/0.2-0-1-0.15/18","HKY","strict","yule","true",-7940.14397476723,8.35031262685955,5.90358525575634e-08,7.47903921697074
"32","data/0.2-0-1-0.15/18","HKY","strict","birth_death","true",-7940.89286106306,8.589384475827,2.79176368420769e-08,8.60784705448308
"33","data/0.2-0-1-0.2/33","JC69","strict","birth_death","twin",-18140.8120816275,13.1070057398156,0.00885802199292126,14.257953005066
"34","data/0.2-0-1-0.2/33","JC69","strict","yule","twin",-18136.0945500002,12.1366805185193,0.991139325873973,17.7032837713206
"35","data/0.2-0-1-0.2/33","HKY","strict","yule","twin",-18156.2902669536,10.5100723614183,1.67975629474962e-09,19.0856710155739
"36","data/0.2-0-1-0.2/33","HKY","strict","birth_death","twin",-18148.9264296943,11.4107180777339,2.65045334931845e-06,20.0825867593831
"37","data/0.2-0-1-0.2/33","JC69","strict","birth_death","true",-18410.7271565678,13.1164010265372,8.65396003607251e-13,6.38398394307123
"38","data/0.2-0-1-0.2/33","JC69","strict","yule","true",-18382.9515674379,11.4573275376195,0.999999944748834,6.32248186145597
"39","data/0.2-0-1-0.2/33","HKY","strict","yule","true",-18405.7496949391,13.9113953000765,1.25573790696037e-10,6.30619405352785
"40","data/0.2-0-1-0.2/33","HKY","strict","birth_death","true",-18399.6652348335,11.1510923048464,5.51247272610113e-08,7.12690050430203
"41","data/0.2-0-1-0.2/34","JC69","strict","birth_death","twin",-11281.9702038902,8.83388848319082,8.53541515202287e-12,9.11408950833731
"42","data/0.2-0-1-0.2/34","JC69","strict","yule","twin",-11256.4834067704,7.81591286386724,0.999999999991464,14.8672643183988
"43","data/0.2-0-1-0.2/34","HKY","strict","yule","twin",-11291.7364163384,9.02246286471066,4.89567381354607e-16,17.5540888647323
"44","data/0.2-0-1-0.2/34","HKY","strict","birth_death","twin",-11297.9144467519,9.59831313457745,1.01561231073012e-18,7.49602857179226
"45","data/0.2-0-1-0.2/34","JC69","strict","birth_death","true",-10933.9333109535,7.66246108084261,0.999998285014977,7.27605769298511
"46","data/0.2-0-1-0.2/34","JC69","strict","yule","true",-10951.4001088215,8.47909149376229,2.59576471475837e-08,7.73831585805556
"47","data/0.2-0-1-0.2/34","HKY","strict","yule","true",-10963.4397328864,8.31689346697551,1.53293248981296e-13,7.07547856736696
"48","data/0.2-0-1-0.2/34","HKY","strict","birth_death","true",-10947.2246670411,8.02733979833828,1.68902722278875e-06,6.50732124126486
"49","data/0.2-0-1.5-0.1/5","JC69","strict","birth_death","twin",-18045.3727879373,11.0524778753545,0.996344143039774,10.6337499651916
"50","data/0.2-0-1.5-0.1/5","JC69","strict","yule","twin",-18050.9805501338,10.9230984626032,0.00365585695429602,7.64968815795081
"51","data/0.2-0-1.5-0.1/5","HKY","strict","yule","twin",-18075.3487636322,12.8388587544023,9.55011361291678e-14,10.2986123648413
"52","data/0.2-0-1.5-0.1/5","HKY","strict","birth_death","twin",-18071.2363485456,10.717507448192,5.83455472460544e-12,9.81739886346559
"53","data/0.2-0-1.5-0.1/5","JC69","strict","birth_death","true",-17248.2299993541,9.8006040006102,0.999999908875088,11.3593139980822
"54","data/0.2-0-1.5-0.1/5","JC69","strict","yule","true",-17264.452208687,11.1842502720445,9.01122768038814e-08,15.9934544405414
"55","data/0.2-0-1.5-0.1/5","HKY","strict","yule","true",-17269.1446772503,10.1990999951653,8.25792167408506e-10,15.3674980847713
"56","data/0.2-0-1.5-0.1/5","HKY","strict","birth_death","true",-17270.6307510147,12.3504288803522,1.86843125581276e-10,12.731901829268
"57","data/0.2-0-1.5-0.1/6","JC69","strict","birth_death","twin",-28652.3902906044,17.195938443312,1.44842024656747e-17,18.3876933546053
"58","data/0.2-0-1.5-0.1/6","JC69","strict","yule","twin",-28613.6168175009,14.7428257732964,1,9.30702018969654
"59","data/0.2-0-1.5-0.1/6","HKY","strict","yule","twin",-28651.9326289488,16.5925275852624,2.28904599111246e-17,14.1692936901411
"60","data/0.2-0-1.5-0.1/6","HKY","strict","birth_death","twin",-28685.6507983969,16.3322284461346,5.20043398049015e-32,13.6692099001282
"61","data/0.2-0-1.5-0.1/6","JC69","strict","birth_death","true",-30831.2444993237,17.8994001331633,3.01867436503722e-18,5.38315454693384
"62","data/0.2-0-1.5-0.1/6","JC69","strict","yule","true",-30790.9027854329,16.6690642171649,0.999999999999947,11.9127767103394
"63","data/0.2-0-1.5-0.1/6","HKY","strict","yule","true",-30821.4635321602,18.0130790478363,5.34116916920385e-14,17.9534701733526
"64","data/0.2-0-1.5-0.1/6","HKY","strict","birth_death","true",-30853.776398466,16.7444642105486,4.94694181618608e-28,20.5104276521316
"65","data/0.2-0-1.5-0.15/21","JC69","strict","birth_death","twin",-20581.9666574732,11.8803919126456,0.955519120734273,18.2208553794397
"66","data/0.2-0-1.5-0.15/21","JC69","strict","yule","twin",-20585.1079752139,12.2125307266518,0.0413030783738301,11.407927545469
"67","data/0.2-0-1.5-0.15/21","HKY","strict","yule","twin",-20588.0948131582,14.2812549081029,0.00208360400650727,9.30514626894364
"68","data/0.2-0-1.5-0.15/21","HKY","strict","birth_death","twin",-20588.7388915918,12.5235454712402,0.00109419688538946,14.5376992836222
"69","data/0.2-0-1.5-0.15/21","JC69","strict","birth_death","true",-21783.4698151345,13.6397139779772,1.18634147920822e-08,10.3744046626935
"70","data/0.2-0-1.5-0.15/21","JC69","strict","yule","true",-21765.2200098109,11.3012644005363,0.999998763861605,14.0739711779065
"71","data/0.2-0-1.5-0.15/21","HKY","strict","yule","true",-21778.8333245616,12.7740399955692,1.22408615679989e-06,18.2318299619836
"72","data/0.2-0-1.5-0.15/21","HKY","strict","birth_death","true",-21787.6102189191,11.1783869208084,1.888231328017e-10,11.1897836596634
"73","data/0.2-0-1.5-0.15/22","JC69","strict","birth_death","twin",-40447.8689777518,19.1619050688332,0.991024776802675,10.6732050694057
"74","data/0.2-0-1.5-0.15/22","JC69","strict","yule","twin",-40456.3299050571,20.7578472146661,0.000209676844453097,22.9439028784456
"75","data/0.2-0-1.5-0.15/22","HKY","strict","yule","twin",-40452.5968884378,22.5199028199212,0.00876554635287234,17.29438838966
"76","data/0.2-0-1.5-0.15/22","HKY","strict","birth_death","twin",-40489.7596214064,20.6376656926816,6.35636942477833e-19,9.71060871230898
"77","data/0.2-0-1.5-0.15/22","JC69","strict","birth_death","true",-47863.8876977121,18.7960561597691,0.999069300450926,8.26182825633395
"78","data/0.2-0-1.5-0.15/22","JC69","strict","yule","true",-47897.202473822,20.2612341840135,3.39759949754939e-15,10.2768781372176
"79","data/0.2-0-1.5-0.15/22","HKY","strict","yule","true",-47895.4440550374,17.5000216826825,1.97171326751399e-14,14.7028227057472
"80","data/0.2-0-1.5-0.15/22","HKY","strict","birth_death","true",-47870.8663406305,19.1771404914545,0.000930699549051106,8.27566953185427
"81","data/0.2-0-1.5-0.2/37","JC69","strict","birth_death","twin",-16626.310586171,10.4858688976769,1.19922790490817e-09,13.2740550483898
"82","data/0.2-0-1.5-0.2/37","JC69","strict","yule","twin",-16607.6147308083,10.2569416065453,0.157909603854913,8.24118070279561
"83","data/0.2-0-1.5-0.2/37","HKY","strict","yule","twin",-16619.0210203184,8.86431121421476,1.75679040503825e-06,14.4737404852562
"84","data/0.2-0-1.5-0.2/37","HKY","strict","birth_death","twin",-16605.9408682705,9.24282225803993,0.842088638155454,6.56787654045494
"85","data/0.2-0-1.5-0.2/37","JC69","strict","birth_death","true",-15767.7435471347,9.30163379444596,0.912299766324669,12.12883297082
"86","data/0.2-0-1.5-0.2/37","JC69","strict","yule","true",-15770.085591213,8.98626224346731,0.0877002323647104,12.7203819415754
"87","data/0.2-0-1.5-0.2/37","HKY","strict","yule","true",-15792.6761708568,9.71047590721879,1.35530381779972e-11,18.920058468871
"88","data/0.2-0-1.5-0.2/37","HKY","strict","birth_death","true",-15788.1149202916,9.59317219764631,1.29706760511403e-09,12.3558858579183
"89","data/0.2-0-1.5-0.2/38","JC69","strict","birth_death","twin",-16490.6556941272,8.92691356778792,0.00408027085385714,7.00222045210279
"90","data/0.2-0-1.5-0.2/38","JC69","strict","yule","twin",-16485.1582650115,10.2340136571097,0.995845861079495,14.4471174370529
"91","data/0.2-0-1.5-0.2/38","HKY","strict","yule","twin",-16494.6673483694,8.88450161223319,7.38668692445818e-05,14.7971303008252
"92","data/0.2-0-1.5-0.2/38","HKY","strict","birth_death","twin",-16505.6972129892,9.37487668542503,1.19740302748366e-09,12.1533790129725
"93","data/0.2-0-1.5-0.2/38","JC69","strict","birth_death","true",-15000.3078906279,8.82392167070036,4.56998664382357e-07,9.31794108477543
"94","data/0.2-0-1.5-0.2/38","JC69","strict","yule","true",-14985.967691157,8.79435088842966,0.772297146847592,15.9560044161344
"95","data/0.2-0-1.5-0.2/38","HKY","strict","yule","true",-15019.5307953248,10.7549258917539,2.04886571314557e-15,9.12495154896604
"96","data/0.2-0-1.5-0.2/38","HKY","strict","birth_death","true",-14987.1890210419,10.1716105743836,0.227702396153742,8.81041249098941
"97","data/0.2-0-2-0.1/10","JC69","strict","birth_death","twin",-14594.9409370098,9.30209785282194,0.612219993615989,11.509533062139
"98","data/0.2-0-2-0.1/10","JC69","strict","yule","twin",-14597.5936022589,9.95794693132841,0.0431389557908725,6.46933279013346
"99","data/0.2-0-2-0.1/10","HKY","strict","yule","twin",-14595.6979028078,9.2326855628566,0.287184793005948,9.49094239904383
"100","data/0.2-0-2-0.1/10","HKY","strict","birth_death","twin",-14597.3070047737,8.80294530339083,0.0574562575871905,14.1255190833642
"101","data/0.2-0-2-0.1/10","JC69","strict","birth_death","true",-14448.8346187329,8.6211832359304,0.995353393188618,7.40447721072864
"102","data/0.2-0-2-0.1/10","JC69","strict","yule","true",-14454.201579472,8.06216158176598,0.00464660620173262,11.768084410841
"103","data/0.2-0-2-0.1/10","HKY","strict","yule","true",-14470.5352974369,8.80076103803501,3.74534894939067e-10,10.3717728822831
"104","data/0.2-0-2-0.1/10","HKY","strict","birth_death","true",-14471.0009096344,10.5624972564636,2.35114535044995e-10,13.431612444955
"105","data/0.2-0-2-0.1/9","JC69","strict","birth_death","twin",-17999.9933924446,10.4083426167,0.999852853762581,10.2288436072028
"106","data/0.2-0-2-0.1/9","JC69","strict","yule","twin",-18011.1061174393,9.44685130170002,1.49190423369353e-05,15.938149014167
"107","data/0.2-0-2-0.1/9","HKY","strict","yule","twin",-18008.9242342529,9.70050099129194,0.000132227191736301,9.29597128789752
"108","data/0.2-0-2-0.1/9","HKY","strict","birth_death","twin",-18026.4166196206,11.6532420907569,3.34560245269e-12,14.8674513817376
"109","data/0.2-0-2-0.1/9","JC69","strict","birth_death","true",-17807.6745861809,11.9822268509044,8.2616596905459e-12,12.7486684481016
"110","data/0.2-0-2-0.1/9","JC69","strict","yule","true",-17782.1551916821,10.5863482914661,0.99999888127122,5.25630677483707
"111","data/0.2-0-2-0.1/9","HKY","strict","yule","true",-17795.8585227614,9.79341157082486,1.11871237637791e-06,8.17269736633749
"112","data/0.2-0-2-0.1/9","HKY","strict","birth_death","true",-17807.6891737483,10.6366867592026,8.14201694305299e-12,16.7561576248729
"113","data/0.2-0-2-0.15/25","JC69","strict","birth_death","twin",-7833.94600181686,5.41490706378846,0.252396883106417,6.4325731807509
"114","data/0.2-0-2-0.15/25","JC69","strict","yule","twin",-7842.17890660084,5.74391985849275,6.70778091772622e-05,6.32329142061488
"115","data/0.2-0-2-0.15/25","HKY","strict","yule","twin",-7862.85237338454,7.11671954912238,7.05027932651351e-14,11.7445107483602
"116","data/0.2-0-2-0.15/25","HKY","strict","birth_death","twin",-7832.8602220815,5.09513496130192,0.747536039084336,10.8310753863469
"117","data/0.2-0-2-0.15/25","JC69","strict","birth_death","true",-6710.96007098744,5.60667190656258,0.994273592091135,5.87545632074587
"118","data/0.2-0-2-0.15/25","JC69","strict","yule","true",-6716.1227914796,5.72891439609131,0.00569331067665966,7.84232298261715
"119","data/0.2-0-2-0.15/25","HKY","strict","yule","true",-6721.27218496915,6.65163833427088,3.30378445721884e-05,7.9043975329567
"120","data/0.2-0-2-0.15/25","HKY","strict","birth_death","true",-6727.59350794199,6.6938073098073,5.93876335763082e-08,10.6285888352251
"121","data/0.2-0-2-0.15/26","JC69","strict","birth_death","twin",-40829.329314502,21.7795849912106,1.9598010270646e-14,13.343169039219
"122","data/0.2-0-2-0.15/26","JC69","strict","yule","twin",-40797.7659661514,18.106307117224,0.999999999993271,7.95052469073788
"123","data/0.2-0-2-0.15/26","HKY","strict","yule","twin",-40828.6237782371,21.658988018429,3.96846438941364e-14,11.4006516282813
"124","data/0.2-0-2-0.15/26","HKY","strict","birth_death","twin",-40823.4993434701,20.5250484804741,6.67015966362644e-12,9.14290710291246
"125","data/0.2-0-2-0.15/26","JC69","strict","birth_death","true",-48792.0591492346,18.5154458404786,1.00458911771664e-29,6.91748202583959
"126","data/0.2-0-2-0.15/26","JC69","strict","yule","true",-48725.2887601576,18.0435350845425,0.999999999999999,13.3172394791402
"127","data/0.2-0-2-0.15/26","HKY","strict","yule","true",-48759.6809530758,22.3793988026187,1.15787158203254e-15,13.2450043355819
"128","data/0.2-0-2-0.15/26","HKY","strict","birth_death","true",-48805.896153012,23.2583338712531,9.83227649069432e-36,17.1080052032732
"129","data/0.2-0-2-0.2/41","JC69","strict","birth_death","twin",-95243.9403560485,43.5125605836535,5.45875011973699e-10,12.648300663957
"130","data/0.2-0-2-0.2/41","JC69","strict","yule","twin",-95229.3798866507,39.7719324992899,0.00114980641634106,45.7065768587608
"131","data/0.2-0-2-0.2/41","HKY","strict","yule","twin",-95346.3462023637,44.1049760966137,1.83146762131695e-54,18.8461971028051
"132","data/0.2-0-2-0.2/41","HKY","strict","birth_death","twin",-95222.6128754348,42.4687075644518,0.998850193037784,21.0676743334559
"133","data/0.2-0-2-0.2/41","JC69","strict","birth_death","true",-105957.839266065,38.9302934189741,0.71381450632806,15.4652017830308
"134","data/0.2-0-2-0.2/41","JC69","strict","yule","true",-106020.882847099,39.1295183675474,2.97924354791472e-28,18.5296261162341
"135","data/0.2-0-2-0.2/41","HKY","strict","yule","true",-106024.795230781,39.4502277635753,5.95633839356973e-30,14.1868403885947
"136","data/0.2-0-2-0.2/41","HKY","strict","birth_death","true",-105958.753249019,41.8738038015052,0.28618549367194,12.5661068420521
"137","data/0.2-0-2.5-0.1/13","JC69","strict","birth_death","twin",-17084.6455607406,11.2650927347184,0.000140940027487384,5.63542549371675
"138","data/0.2-0-2.5-0.1/13","JC69","strict","yule","twin",-17075.7785256777,10.2430218704287,0.99985897781172,11.0591808170997
"139","data/0.2-0-2.5-0.1/13","HKY","strict","yule","twin",-17092.1225707555,9.61122188592233,7.97645944168079e-08,7.84252505628184
"140","data/0.2-0-2.5-0.1/13","HKY","strict","birth_death","twin",-17095.6277672376,10.988067620874,2.39619783302487e-09,16.7810486534359
"141","data/0.2-0-2.5-0.1/13","JC69","strict","birth_death","true",-16230.1410752952,9.34559241925533,0.462895592951032,19.5957983359933
"142","data/0.2-0-2.5-0.1/13","JC69","strict","yule","true",-16229.9951230964,9.70238571243067,0.535635410998119,6.43979549441746
"143","data/0.2-0-2.5-0.1/13","HKY","strict","yule","true",-16235.8940347979,11.2777961723652,0.00146894142858091,10.9830464375413
"144","data/0.2-0-2.5-0.1/13","HKY","strict","birth_death","true",-16246.0936457343,9.80096961513335,5.46222684283745e-08,14.8613987423998
"145","data/0.2-0-2.5-0.1/14","JC69","strict","birth_death","twin",-76275.2827292765,33.4142455046833,1.74665464992726e-35,20.1546420065051
"146","data/0.2-0-2.5-0.1/14","JC69","strict","yule","twin",-76195.2499533515,31.4688346984402,1,16.1152347335932
"147","data/0.2-0-2.5-0.1/14","HKY","strict","yule","twin",-76237.8196469577,32.1921367392403,3.2524974934268e-19,17.7468435941018
"148","data/0.2-0-2.5-0.1/14","HKY","strict","birth_death","twin",-76279.4879627206,30.3124701975751,2.60553771852595e-37,13.2375014539614
"149","data/0.2-0-2.5-0.1/14","JC69","strict","birth_death","true",-88504.1727192238,31.8568616059751,1,13.0706338664798
"150","data/0.2-0-2.5-0.1/14","JC69","strict","yule","true",-88546.0019241938,31.2387762113455,6.82035686558384e-19,9.67116383169621
"151","data/0.2-0-2.5-0.1/14","HKY","strict","yule","true",-88636.8381961841,32.8030955702638,2.42167253906445e-58,27.8857077276493
"152","data/0.2-0-2.5-0.1/14","HKY","strict","birth_death","true",-88570.0388316618,29.5767374222591,2.48148025423844e-29,11.6851773669349
"153","data/0.2-0-2.5-0.15/29","JC69","strict","birth_death","twin",-28132.3603046289,17.4109105970987,5.17053620889043e-05,20.9212232947822
"154","data/0.2-0-2.5-0.15/29","JC69","strict","yule","twin",-28137.3776798145,17.0064592492416,3.42386968740508e-07,23.6616998496162
"155","data/0.2-0-2.5-0.15/29","HKY","strict","yule","twin",-28130.6683452562,16.3967687430363,0.000280765798434137,12.8517195101071
"156","data/0.2-0-2.5-0.15/29","HKY","strict","birth_death","twin",-28122.4906884314,16.2670554307424,0.999667186452508,21.0771570412484
"157","data/0.2-0-2.5-0.15/29","JC69","strict","birth_death","true",-29168.3300525602,17.1720863464415,0.999999999967466,20.1488702140584
"158","data/0.2-0-2.5-0.15/29","JC69","strict","yule","true",-29192.4799811777,15.7715782172083,3.24952036482299e-11,15.1206036459573
"159","data/0.2-0-2.5-0.15/29","HKY","strict","yule","true",-29199.2008265901,18.3718603981082,3.91735731442082e-14,19.4970763027373
"160","data/0.2-0-2.5-0.15/29","HKY","strict","birth_death","true",-29208.7473038744,16.5264518185631,2.79905079975465e-18,17.0065978237883
"161","data/0.2-0-2.5-0.15/30","JC69","strict","birth_death","twin",-11897.314432377,8.96677739256504,9.30995251421292e-07,10.0954867913885
"162","data/0.2-0-2.5-0.15/30","JC69","strict","yule","twin",-11912.0505687104,9.17619325716234,3.70787232680615e-13,14.9997196194106
"163","data/0.2-0-2.5-0.15/30","HKY","strict","yule","twin",-11921.5702540661,9.92647714298572,2.72130959071343e-17,5.05358650293489
"164","data/0.2-0-2.5-0.15/30","HKY","strict","birth_death","twin",-11883.4274216478,8.60618600111167,0.999999069004378,14.6544409118502
"165","data/0.2-0-2.5-0.15/30","JC69","strict","birth_death","true",-10838.1551129246,8.49774801270064,0.999878880948502,8.053852846575
"166","data/0.2-0-2.5-0.15/30","JC69","strict","yule","true",-10847.173732445,10.0627973977698,0.00012111856128136,7.89407479640823
"167","data/0.2-0-2.5-0.15/30","HKY","strict","yule","true",-10859.5911650861,10.2505038964328,4.90216842048998e-10,11.1222972712216
"168","data/0.2-0-2.5-0.15/30","HKY","strict","birth_death","true",-10875.2961192941,11.7277145488362,7.4099158650869e-17,15.6057121853639
"169","data/0.2-0-2.5-0.2/45","JC69","strict","birth_death","twin",-35754.814535019,23.7248189633131,6.93911795538702e-46,8.68123087887526
"170","data/0.2-0-2.5-0.2/45","JC69","strict","yule","twin",-35671.0855885308,19.1933753216163,1.60075071817356e-09,22.8255948780611
"171","data/0.2-0-2.5-0.2/45","HKY","strict","yule","twin",-35698.2551133864,23.536446152068,2.53950448777356e-21,14.0034583756159
"172","data/0.2-0-2.5-0.2/45","HKY","strict","birth_death","twin",-35650.8327954136,21.3266066563059,0.999999998399249,12.2705948437386
"173","data/0.2-0-2.5-0.2/45","JC69","strict","birth_death","true",-37231.8074147525,19.7150311039616,0.999999999992545,20.1834939569917
"174","data/0.2-0-2.5-0.2/45","JC69","strict","yule","true",-37273.8326429364,19.1572669197342,5.60628664340359e-19,9.59893687524825
"175","data/0.2-0-2.5-0.2/45","HKY","strict","yule","true",-37257.4295152728,20.8587254415746,7.45526575567098e-12,12.0650886394765
"176","data/0.2-0-2.5-0.2/45","HKY","strict","birth_death","true",-37279.2022350254,21.9004978448596,2.61030397454005e-21,22.1729892392472
"177","data/0.2-0-2.5-0.2/46","JC69","strict","birth_death","twin",-58173.9276966907,29.7358870662016,0.999999999999997,13.1910411518908
"178","data/0.2-0-2.5-0.2/46","JC69","strict","yule","twin",-58210.2384917845,30.0408793469177,1.69989484633933e-16,11.7978001666743
"179","data/0.2-0-2.5-0.2/46","HKY","strict","yule","twin",-58222.6062141182,28.1338748467208,7.23083570722715e-22,8.16417892376268
"180","data/0.2-0-2.5-0.2/46","HKY","strict","birth_death","twin",-58207.5391183872,29.9371843408273,2.52781349623143e-15,24.8035612302294
"181","data/0.2-0-2.5-0.2/46","JC69","strict","birth_death","true",-63046.16120073,29.4981445927245,1.87058530611837e-22,10.1398615048425
"182","data/0.2-0-2.5-0.2/46","JC69","strict","yule","true",-62996.1306341519,27.4822444803574,0.999945913523329,18.1851293840363
"183","data/0.2-0-2.5-0.2/46","HKY","strict","yule","true",-63034.3225302434,33.4197831040067,2.59087693003747e-17,22.3774518765384
"184","data/0.2-0-2.5-0.2/46","HKY","strict","birth_death","true",-63005.9555064364,30.8774420159685,5.40864766710903e-05,18.9478437803942
"185","data/0.2-0.15-1-0.1/3","JC69","strict","birth_death","twin",-9803.14051626803,5.94557392513563,0.000147066216453126,10.6845403606613
"186","data/0.2-0.15-1-0.1/3","JC69","strict","yule","twin",-9794.31603572795,4.45171288730984,0.999852930348366,5.12474344642779
"187","data/0.2-0.15-1-0.1/3","HKY","strict","yule","twin",-9814.86115717309,5.64852261477648,1.19482210876264e-09,7.26966707273671
"188","data/0.2-0.15-1-0.1/3","HKY","strict","birth_death","twin",-9814.23251861665,6.23566581895284,2.24035843296406e-09,11.0286502164371
"189","data/0.2-0.15-1-0.1/3","JC69","strict","birth_death","true",-10340.812697008,6.43223359312358,0.00755141138880579,8.9378226979801
"190","data/0.2-0.15-1-0.1/3","JC69","strict","yule","true",-10341.1047027751,6.02142801292689,0.00563912390582527,5.72254919819165
"191","data/0.2-0.15-1-0.1/3","HKY","strict","yule","true",-10335.9399546523,5.53429283919601,0.986809330968063,8.33561943189741
"192","data/0.2-0.15-1-0.1/3","HKY","strict","birth_death","true",-10351.7540645756,6.19417105807184,1.3373730629281e-07,13.9188190417402
"193","data/0.2-0.15-1-0.1/4","JC69","strict","birth_death","twin",-17849.5191511545,10.3721172208886,0.33045560796868,12.9995644327464
"194","data/0.2-0.15-1-0.1/4","JC69","strict","yule","twin",-17848.8130267947,9.3693593100559,0.669543871889432,9.89066539488901
"195","data/0.2-0.15-1-0.1/4","HKY","strict","yule","twin",-17873.4404329159,11.017035844666,1.34968511229855e-11,9.48066759667222
"196","data/0.2-0.15-1-0.1/4","HKY","strict","birth_death","twin",-17862.8810583583,11.8355068659435,5.2012839091204e-07,10.0809728809777
"197","data/0.2-0.15-1-0.1/4","JC69","strict","birth_death","true",-19175.7407175887,9.06287736501645,0.300413231952894,9.78882548860103
"198","data/0.2-0.15-1-0.1/4","JC69","strict","yule","true",-19174.9020792039,9.70664249673204,0.694920431152461,6.54020434298409
"199","data/0.2-0.15-1-0.1/4","HKY","strict","yule","true",-19179.9055043545,9.42185429063754,0.00466632675885933,6.67035963167506
"200","data/0.2-0.15-1-0.1/4","HKY","strict","birth_death","true",-19192.9453147468,9.45446847951887,1.01357863711601e-08,12.4569145370372
"201","data/0.2-0.15-1-0.15/19","JC69","strict","birth_death","twin",-8614.99364193928,5.75214434439618,0.003487886827096,7.61209678021611
"202","data/0.2-0.15-1-0.15/19","JC69","strict","yule","twin",-8609.33867671423,5.06181173483491,0.996512102125478,7.84951199217259
"203","data/0.2-0.15-1-0.15/19","HKY","strict","yule","twin",-8633.12200201733,6.68630979512413,4.67213773042639e-11,6.45438785032868
"204","data/0.2-0.15-1-0.15/19","HKY","strict","birth_death","twin",-8627.66048920459,6.16618570826761,1.10007048917715e-08,7.36534902497101
"205","data/0.2-0.15-1-0.15/19","JC69","strict","birth_death","true",-8789.42180724258,5.34884472252638,0.995496515125604,5.07976164139469
"206","data/0.2-0.15-1-0.15/19","JC69","strict","yule","true",-8794.82032686051,5.37895634435576,0.00450290167184829,6.05914243226918
"207","data/0.2-0.15-1-0.15/19","HKY","strict","yule","true",-8803.77225525916,6.63701982373273,5.8306820210782e-07,6.59361994817603
"208","data/0.2-0.15-1-0.15/19","HKY","strict","birth_death","true",-8812.1478994307,6.1641626366021,1.34345558011098e-10,7.45656362837057
"209","data/0.2-0.15-1-0.15/20","JC69","strict","birth_death","twin",-6867.91256720748,3.48101612294421,0.999952027216974,5.07322743203283
"210","data/0.2-0.15-1-0.15/20","JC69","strict","yule","twin",-6877.88618743069,5.08222677453507,4.66112701599209e-05,7.5958134494988
"211","data/0.2-0.15-1-0.15/20","HKY","strict","yule","twin",-6887.51772163489,5.73767540046327,3.0589246590779e-09,11.6801620493718
"212","data/0.2-0.15-1-0.15/20","HKY","strict","birth_death","twin",-6881.42168254586,4.99783443220585,1.35845394187791e-06,8.36546571435397
"213","data/0.2-0.15-1-0.15/20","JC69","strict","birth_death","true",-6320.47331464379,4.98372938547224,0.999917158400918,4.36290264221976
"214","data/0.2-0.15-1-0.15/20","JC69","strict","yule","true",-6332.20435624375,4.85683863993651,8.03965452688323e-06,10.9860354495825
"215","data/0.2-0.15-1-0.15/20","HKY","strict","yule","true",-6329.97390044001,4.64351222895656,7.48017975946581e-05,6.85055234498901
"216","data/0.2-0.15-1-0.15/20","HKY","strict","birth_death","true",-6343.11408741692,5.68174726731851,1.46960743158272e-10,8.87461476908365
"217","data/0.2-0.15-1-0.2/35","JC69","strict","birth_death","twin",-17307.2485776782,10.8132751033538,0.0145145118329844,13.6466056032681
"218","data/0.2-0.15-1-0.2/35","JC69","strict","yule","twin",-17303.0306531412,10.0731095563775,0.985425474731551,6.53747464744497
"219","data/0.2-0.15-1-0.2/35","HKY","strict","yule","twin",-17317.4667046862,11.6017308166133,5.2981745090146e-07,7.92287687988486
"220","data/0.2-0.15-1-0.2/35","HKY","strict","birth_death","twin",-17312.745780975,10.5812561299858,5.94836180140415e-05,13.4796835439489
"221","data/0.2-0.15-1-0.2/35","JC69","strict","birth_death","true",-15593.4118484862,8.2275937133165,0.999999699271738,10.9003190289834
"222","data/0.2-0.15-1-0.2/35","JC69","strict","yule","true",-15608.4289078044,9.98747109136273,3.00728004886708e-07,12.8002320528855
"223","data/0.2-0.15-1-0.2/35","HKY","strict","yule","true",-15630.7637258073,10.5128106708264,6.00185722656768e-17,9.33149838789616
"224","data/0.2-0.15-1-0.2/35","HKY","strict","birth_death","true",-15622.3997367795,12.2784170421623,2.57466033045464e-13,15.6836096160155
"225","data/0.2-0.15-1-0.2/36","JC69","strict","birth_death","twin",-8213.70712606988,7.31123125146685,1.21268034103833e-07,17.2226589734561
"226","data/0.2-0.15-1-0.2/36","JC69","strict","yule","twin",-8210.69383419554,8.30643765593922,2.4683251630225e-06,6.06308142971406
"227","data/0.2-0.15-1-0.2/36","HKY","strict","yule","twin",-8197.78186608511,6.55805696825779,0.999997401462993,10.4418177761833
"228","data/0.2-0.15-1-0.2/36","HKY","strict","birth_death","twin",-8216.31416767352,8.0045267392285,8.94380979521115e-09,8.73074659906659
"229","data/0.2-0.15-1-0.2/36","JC69","strict","birth_death","true",-7395.29601347494,8.32915207362819,0.480755849441984,10.9521684373692
"230","data/0.2-0.15-1-0.2/36","JC69","strict","yule","true",-7395.21923240843,6.75034026803587,0.519122880043741,7.33154042940891
"231","data/0.2-0.15-1-0.2/36","HKY","strict","yule","true",-7403.58110585363,7.29022886649359,0.000121270362276115,4.84723480741433
"232","data/0.2-0.15-1-0.2/36","HKY","strict","birth_death","true",-7417.17076330989,8.86736828174984,1.51999244999053e-10,12.0851005268881
"233","data/0.2-0.15-1.5-0.1/7","JC69","strict","birth_death","twin",-7615.47367589364,4.77395555721269,0.500382337158969,5.43747225157493
"234","data/0.2-0.15-1.5-0.1/7","JC69","strict","yule","twin",-7615.47818603055,4.68593817393616,0.49813062589253,5.2796135049082
"235","data/0.2-0.15-1.5-0.1/7","HKY","strict","yule","twin",-7624.12409375457,6.48183196926559,8.75937719166564e-05,14.2550306945152
"236","data/0.2-0.15-1.5-0.1/7","HKY","strict","birth_death","twin",-7621.35297394767,5.9234390036839,0.00139944317658379,6.48603680336386
"237","data/0.2-0.15-1.5-0.1/7","JC69","strict","birth_death","true",-8065.26581126864,4.94054569050518,0.976618243999251,10.9408113803918
"238","data/0.2-0.15-1.5-0.1/7","JC69","strict","yule","true",-8069.13614015561,4.71367164153226,0.0203639655763311,13.4956480969861
"239","data/0.2-0.15-1.5-0.1/7","HKY","strict","yule","true",-8072.30126056447,4.97638095107122,0.000859543827812949,6.86627556303882
"240","data/0.2-0.15-1.5-0.1/7","HKY","strict","birth_death","true",-8071.38061097002,5.09869747226451,0.00215824659660473,11.8220990920347
"241","data/0.2-0.15-1.5-0.1/8","JC69","strict","birth_death","twin",-11450.1735263929,7.89961087224402,1.78870829759194e-06,6.27438539981041
"242","data/0.2-0.15-1.5-0.1/8","JC69","strict","yule","twin",-11436.9395113616,6.15751324943869,0.999998211209129,7.62726770583528
"243","data/0.2-0.15-1.5-0.1/8","HKY","strict","yule","twin",-11461.7111561538,8.96276974760942,1.74506087771111e-11,9.56351547176295
"244","data/0.2-0.15-1.5-0.1/8","HKY","strict","birth_death","twin",-11460.3942506177,8.68850046317139,6.51231485885791e-11,5.18060956905849
"245","data/0.2-0.15-1.5-0.1/8","JC69","strict","birth_death","true",-11655.3795946529,7.3783084477646,0.993623939470901,9.49362777855398
"246","data/0.2-0.15-1.5-0.1/8","JC69","strict","yule","true",-11664.5255937813,7.37511620773438,0.000105965646834606,4.50097944839366
"247","data/0.2-0.15-1.5-0.1/8","HKY","strict","yule","true",-11662.899401654,7.52773236433879,0.000538779869683749,10.0896802003422
"248","data/0.2-0.15-1.5-0.1/8","HKY","strict","birth_death","true",-11660.5350084569,7.28872998801464,0.0057313150125804,5.15888608347446
"249","data/0.2-0.15-1.5-0.15/23","JC69","strict","birth_death","twin",-3754.94290735583,3.59754677820073,0.714805535080824,4.54844143463143
"250","data/0.2-0.15-1.5-0.15/23","JC69","strict","yule","twin",-3755.86761662935,3.4372986622734,0.283525269511238,5.498634141144
"251","data/0.2-0.15-1.5-0.15/23","HKY","strict","yule","twin",-3761.00304904857,3.51260502076147,0.00166840625770684,6.80291103909796
"252","data/0.2-0.15-1.5-0.15/23","HKY","strict","birth_death","twin",-3768.65947173042,5.34721700345113,7.89150231475616e-07,6.83760825482486
"253","data/0.2-0.15-1.5-0.15/23","JC69","strict","birth_death","true",-3636.09290199028,4.37934720879675,0.00753966847918601,4.51530426831242
"254","data/0.2-0.15-1.5-0.15/23","JC69","strict","yule","true",-3631.21289994448,3.70066081170173,0.992453597758088,5.82233331177524
"255","data/0.2-0.15-1.5-0.15/23","HKY","strict","yule","true",-3643.11371416797,4.83832428403288,6.73367673084775e-06,11.8635423629472
"256","data/0.2-0.15-1.5-0.15/23","HKY","strict","birth_death","true",-3654.38205082549,5.27536361672021,8.599552108696e-11,10.7529948032918
"257","data/0.2-0.15-1.5-0.15/24","JC69","strict","birth_death","twin",-13982.9410889444,7.93418932503219,2.28232835161979e-06,8.39449574587347
"258","data/0.2-0.15-1.5-0.15/24","JC69","strict","yule","twin",-13969.9733450501,7.5748259873741,0.977682273964539,7.12044857017678
"259","data/0.2-0.15-1.5-0.15/24","HKY","strict","yule","twin",-13973.7532537104,8.12479667958818,0.0223153790380477,13.3972099154857
"260","data/0.2-0.15-1.5-0.15/24","HKY","strict","birth_death","twin",-13986.5047574522,9.42950080020139,6.46690612853941e-08,9.00961601605657
"261","data/0.2-0.15-1.5-0.15/24","JC69","strict","birth_death","true",-14726.3653103328,9.23597917458762,1.23787429852381e-07,13.9996290949097
"262","data/0.2-0.15-1.5-0.15/24","JC69","strict","yule","true",-14710.7589285288,8.54690945456907,0.742065166851543,6.70853259319595
"263","data/0.2-0.15-1.5-0.15/24","HKY","strict","yule","true",-14711.8206351345,8.58067742104804,0.256654406857115,6.62897196788756
"264","data/0.2-0.15-1.5-0.15/24","HKY","strict","birth_death","true",-14717.1212692128,8.2457910671601,0.00128030250391228,6.6129702817424
"265","data/0.2-0.15-1.5-0.2/39","JC69","strict","birth_death","twin",-6652.02227427625,5.42759689541663,0.979926423420462,4.59059360837437
"266","data/0.2-0.15-1.5-0.2/39","JC69","strict","yule","twin",-6655.9120194216,4.89225712642532,0.0200400414654689,7.63042191664892
"267","data/0.2-0.15-1.5-0.2/39","HKY","strict","yule","twin",-6664.83298928946,4.91365517502052,2.67652083828572e-06,8.0442360658329
"268","data/0.2-0.15-1.5-0.2/39","HKY","strict","birth_death","twin",-6662.38809178557,5.52211344484576,3.08585932304681e-05,6.2532414187665
"269","data/0.2-0.15-1.5-0.2/39","JC69","strict","birth_death","true",-6064.54351245144,3.95134590690582,0.999439662185011,5.74856715669105
"270","data/0.2-0.15-1.5-0.2/39","JC69","strict","yule","true",-6072.02993107567,4.1470572905562,0.000560333105913261,4.48019082760479
"271","data/0.2-0.15-1.5-0.2/39","HKY","strict","yule","true",-6083.71942779555,5.47512023831095,4.69637060158319e-09,5.2340420254415
"272","data/0.2-0.15-1.5-0.2/39","HKY","strict","birth_death","true",-6089.63197035479,6.07551361241687,1.27050902178311e-11,4.39796677503086
"273","data/0.2-0.15-1.5-0.2/40","JC69","strict","birth_death","twin",-16485.1913062473,11.2721306004888,0.99873211154474,9.04730181153233
"274","data/0.2-0.15-1.5-0.2/40","JC69","strict","yule","twin",-16491.8609986303,12.7464743752348,0.00126718030919625,7.01763068468902
"275","data/0.2-0.15-1.5-0.2/40","HKY","strict","yule","twin",-16499.3572772943,11.1965230478095,7.03470608755803e-07,20.274237482823
"276","data/0.2-0.15-1.5-0.2/40","HKY","strict","birth_death","twin",-16504.3709768918,10.2640989644011,4.67545507186432e-09,12.8819620453391
"277","data/0.2-0.15-1.5-0.2/40","JC69","strict","birth_death","true",-15015.9067416757,11.5080920089615,0.00200451780698907,11.445844150483
"278","data/0.2-0.15-1.5-0.2/40","JC69","strict","yule","true",-15009.697637075,9.93064746196162,0.99675812455111,14.1247303141843
"279","data/0.2-0.15-1.5-0.2/40","HKY","strict","yule","true",-15025.4806442716,10.7758789264973,1.39353169505072e-07,5.96397658579192
"280","data/0.2-0.15-1.5-0.2/40","HKY","strict","birth_death","true",-15016.3892796682,11.3151838738029,0.00123721828873168,9.37105269525635
"281","data/0.2-0.15-2-0.1/11","JC69","strict","birth_death","twin",-7238.8547485388,4.77223468348519,0.999878225102029,9.06006646297416
"282","data/0.2-0.15-2-0.1/11","JC69","strict","yule","twin",-7247.8703929872,5.85835439866753,0.000121479354586303,7.22652652550341
"283","data/0.2-0.15-2-0.1/11","HKY","strict","yule","twin",-7255.03324802761,7.10719079180768,9.41269653220408e-08,6.18646768847061
"284","data/0.2-0.15-2-0.1/11","HKY","strict","birth_death","twin",-7254.27251808899,6.46605992062052,2.01416419633895e-07,8.54193201307415
"285","data/0.2-0.15-2-0.1/11","JC69","strict","birth_death","true",-6598.46787837345,5.75873999869694,0.998685469797485,5.37225842154206
"286","data/0.2-0.15-2-0.1/11","JC69","strict","yule","true",-6606.69303082283,6.55938075841728,0.000267479442692171,5.16671667341544
"287","data/0.2-0.15-2-0.1/11","HKY","strict","yule","true",-6605.33566427624,5.67619421851167,0.00103941076578946,9.86843184993278
"288","data/0.2-0.15-2-0.1/11","HKY","strict","birth_death","true",-6610.24867671419,6.49784453283411,7.63999403385331e-06,8.12467114345367
"289","data/0.2-0.15-2-0.1/12","JC69","strict","birth_death","twin",-7563.81498357593,7.91255941113982,0.0653825532748791,14.3096401809279
"290","data/0.2-0.15-2-0.1/12","JC69","strict","yule","twin",-7561.17551529436,8.97297855774311,0.915731990385973,6.04277541407447
"291","data/0.2-0.15-2-0.1/12","HKY","strict","yule","twin",-7579.89296279442,9.38498188096351,6.80587896840037e-09,13.2805755738557
"292","data/0.2-0.15-2-0.1/12","HKY","strict","birth_death","twin",-7565.0568472697,8.04102251053136,0.018885449533269,8.95915449770742
"293","data/0.2-0.15-2-0.1/12","JC69","strict","birth_death","true",-7599.83410674144,7.03419933444903,0.985547543302476,8.42744603236191
"294","data/0.2-0.15-2-0.1/12","JC69","strict","yule","true",-7604.05677249734,8.00040614796474,0.01444764769967,4.85729680352842
"295","data/0.2-0.15-2-0.1/12","HKY","strict","yule","true",-7612.12696855052,9.99825742194353,4.51809677710469e-06,17.1223770455454
"296","data/0.2-0.15-2-0.1/12","HKY","strict","birth_death","true",-7614.86983140101,7.79731761862359,2.90901076664354e-07,8.11309222792979
"297","data/0.2-0.15-2-0.15/27","JC69","strict","birth_death","twin",-39242.5393174795,23.5521137205452,0.999999999988175,22.9131615959536
"298","data/0.2-0.15-2-0.15/27","JC69","strict","yule","twin",-39267.700154337,20.8699149304656,1.18246254378215e-11,23.9296947293743
"299","data/0.2-0.15-2-0.15/27","HKY","strict","yule","twin",-39282.0642753699,23.7712793517829,6.83170163246604e-18,20.2614495674535
"300","data/0.2-0.15-2-0.15/27","HKY","strict","birth_death","twin",-39288.8558408561,23.9345524618743,7.67342895624592e-21,18.4967878690682
"301","data/0.2-0.15-2-0.15/27","JC69","strict","birth_death","true",-42425.4993291682,23.5118769336676,2.15376376253088e-09,6.98675480194266
"302","data/0.2-0.15-2-0.15/27","JC69","strict","yule","true",-42405.5432802326,17.8300037870009,0.999999997554878,9.89532871317018
"303","data/0.2-0.15-2-0.15/27","HKY","strict","yule","true",-42436.8333798896,21.8977476999562,2.57562350429735e-14,11.1114077996012
"304","data/0.2-0.15-2-0.15/27","HKY","strict","birth_death","true",-42427.4998351584,21.2046721591098,2.91332779987265e-10,10.5791637223538
"305","data/0.2-0.15-2-0.15/28","JC69","strict","birth_death","twin",-18529.7205289002,11.4579036708403,0.0874546208680209,15.2142399892772
"306","data/0.2-0.15-2-0.15/28","JC69","strict","yule","twin",-18527.5090368172,11.5954981039978,0.798401914678335,10.2243777100284
"307","data/0.2-0.15-2-0.15/28","HKY","strict","yule","twin",-18529.4541934546,9.74622926650072,0.114143392365506,15.1282684671249
"308","data/0.2-0.15-2-0.15/28","HKY","strict","birth_death","twin",-18543.7292699928,10.6669895279016,7.20881377333909e-08,13.2892359916452
"309","data/0.2-0.15-2-0.15/28","JC69","strict","birth_death","true",-18070.9403216797,9.95602148992627,0.0321401944622079,11.016857956572
"310","data/0.2-0.15-2-0.15/28","JC69","strict","yule","true",-18077.0854683313,12.3832861610849,6.89041244821025e-05,7.87507270600557
"311","data/0.2-0.15-2-0.15/28","HKY","strict","yule","true",-18099.2868252384,12.2166962605048,1.57151461149492e-14,10.2645139948752
"312","data/0.2-0.15-2-0.15/28","HKY","strict","birth_death","true",-18067.5354130374,9.23853513411547,0.967790901413294,6.16038801361817
"313","data/0.2-0.15-2-0.2/43","JC69","strict","birth_death","twin",-16357.0567049839,14.0205900260686,0.9642848877899,6.66394166063706
"314","data/0.2-0.15-2-0.2/43","JC69","strict","yule","twin",-16360.3525742667,16.054338108985,0.0357130973799408,13.845761975247
"315","data/0.2-0.15-2-0.2/43","HKY","strict","yule","twin",-16380.5980036394,13.6092084424572,5.7590288963937e-11,17.3694285347438
"316","data/0.2-0.15-2-0.2/43","HKY","strict","birth_death","twin",-16370.1353407204,14.2997391667805,2.01477256918119e-06,10.4824320622379
"317","data/0.2-0.15-2-0.2/43","JC69","strict","birth_death","true",-17494.1816312683,11.4655203389819,0.529366440107194,9.04635398068651
"318","data/0.2-0.15-2-0.2/43","JC69","strict","yule","true",-17498.0150663579,12.6232412321951,0.0114529324432363,13.5094818567647
"319","data/0.2-0.15-2-0.2/43","HKY","strict","yule","true",-17529.7063301662,15.4654277826741,1.97503912130887e-16,23.887694164178
"320","data/0.2-0.15-2-0.2/43","HKY","strict","birth_death","true",-17494.3238685072,13.1279628909955,0.459180627449569,9.07808666397286
"321","data/0.2-0.15-2-0.2/44","JC69","strict","birth_death","twin",-8345.31237375979,6.31196178898624,0.204307767841324,7.47505150494934
"322","data/0.2-0.15-2-0.2/44","JC69","strict","yule","twin",-8343.95425683871,5.39138701778623,0.794524993722657,11.7819040053086
"323","data/0.2-0.15-2-0.2/44","HKY","strict","yule","twin",-8350.4773629106,6.74012686137486,0.00116723577966629,6.6372116371754
"324","data/0.2-0.15-2-0.2/44","HKY","strict","birth_death","twin",-8363.47055798582,6.46498092049273,2.65635227045472e-09,9.51709692972635
"325","data/0.2-0.15-2-0.2/44","JC69","strict","birth_death","true",-6803.29846019332,6.14821601126775,0.163132921359631,9.18617669172844
"326","data/0.2-0.15-2-0.2/44","JC69","strict","yule","true",-6803.13143327846,5.90078127326082,0.192788214427961,6.3786757955242
"327","data/0.2-0.15-2-0.2/44","HKY","strict","yule","true",-6801.92693851455,5.73224227685009,0.642962894502149,6.49410805671806
"328","data/0.2-0.15-2-0.2/44","HKY","strict","birth_death","true",-6808.28330180804,6.05111462220029,0.00111596971025864,10.1093293675027
"329","data/0.2-0.15-2.5-0.1/15","JC69","strict","birth_death","twin",-25073.1899175862,13.0706413924025,0.999970757886579,22.3848913674749
"330","data/0.2-0.15-2.5-0.1/15","JC69","strict","yule","twin",-25083.6297889909,15.2221398985794,2.92421134206508e-05,14.5142953367799
"331","data/0.2-0.15-2.5-0.1/15","HKY","strict","yule","twin",-25120.848859112,15.2876894534572,2.00434271593241e-21,10.970378416566
"332","data/0.2-0.15-2.5-0.1/15","HKY","strict","birth_death","twin",-25120.2056110736,16.8348904043249,3.81356414488412e-21,7.62724334616946
"333","data/0.2-0.15-2.5-0.1/15","JC69","strict","birth_death","true",-27882.7827043789,14.4348467377327,7.1414867825603e-10,12.3486444268867
"334","data/0.2-0.15-2.5-0.1/15","JC69","strict","yule","true",-27861.7227889902,14.3853857379805,0.999985446407108,13.9399989181661
"335","data/0.2-0.15-2.5-0.1/15","HKY","strict","yule","true",-27889.3779152265,13.2160655099649,9.76168880597536e-13,9.80749869688971
"336","data/0.2-0.15-2.5-0.1/15","HKY","strict","birth_death","true",-27872.8604962357,15.3733121209319,1.45528777674051e-05,9.2741193705436
"337","data/0.2-0.15-2.5-0.1/16","JC69","strict","birth_death","twin",-19255.8201270134,15.71880499342,2.04699734098571e-08,11.5103980610769
"338","data/0.2-0.15-2.5-0.1/16","JC69","strict","yule","twin",-19258.3866761931,15.0818706076999,1.57209625170734e-09,7.46344565133094
"339","data/0.2-0.15-2.5-0.1/16","HKY","strict","yule","twin",-19238.1158202992,13.3466867915,0.999999977952489,12.5599085186789
"340","data/0.2-0.15-2.5-0.1/16","HKY","strict","birth_death","twin",-19264.0527408363,13.9973553067766,5.44174921891418e-12,18.6398483547926
"341","data/0.2-0.15-2.5-0.1/16","JC69","strict","birth_death","true",-19173.6011947319,10.2109163407055,0.999855500264224,11.1012231013446
"342","data/0.2-0.15-2.5-0.1/16","JC69","strict","yule","true",-19182.4432831859,13.304254963197,0.000144499723457651,12.638922152975
"343","data/0.2-0.15-2.5-0.1/16","HKY","strict","yule","true",-19223.2118813683,15.4353867695126,2.84635975620505e-22,16.7802382952341
"344","data/0.2-0.15-2.5-0.1/16","HKY","strict","birth_death","true",-19198.7210111803,12.2740892445526,1.23179821395638e-11,14.4943029105014
"345","data/0.2-0.15-2.5-0.15/31","JC69","strict","birth_death","twin",-89369.7602146907,34.4389268333397,1.20019045238881e-34,25.9340173197678
"346","data/0.2-0.15-2.5-0.15/31","JC69","strict","yule","twin",-89322.3683290747,30.7993531674492,4.58442189038581e-14,31.5662611335223
"347","data/0.2-0.15-2.5-0.15/31","HKY","strict","yule","twin",-89291.6548017834,36.1256113997923,0.999999999999954,14.2619734856644
"348","data/0.2-0.15-2.5-0.15/31","HKY","strict","birth_death","twin",-89357.323540744,35.6432844240703,3.02293657948699e-29,15.2345984172006
"349","data/0.2-0.15-2.5-0.15/31","JC69","strict","birth_death","true",-109752.983631967,32.2994940058916,0.000286730790034108,14.1242695665227
"350","data/0.2-0.15-2.5-0.15/31","JC69","strict","yule","true",-109753.079357249,34.6813803330882,0.000260556174751099,9.44765745202014
"351","data/0.2-0.15-2.5-0.15/31","HKY","strict","yule","true",-109764.448038112,33.0580184728782,3.00985798134236e-09,32.9586760818105
"352","data/0.2-0.15-2.5-0.15/31","HKY","strict","birth_death","true",-109744.82721261,34.839877278495,0.999452710025357,12.9364673041028
"353","data/0.2-0.15-2.5-0.15/32","JC69","strict","birth_death","twin",-18816.8912555551,10.6132981886569,0.99999917355354,15.2635978244694
"354","data/0.2-0.15-2.5-0.15/32","JC69","strict","yule","twin",-18830.8973887047,13.822752752569,8.2644375333732e-07,9.19285127802865
"355","data/0.2-0.15-2.5-0.15/32","HKY","strict","yule","twin",-18866.1013796371,12.7334063619785,4.24926971944884e-22,14.3231435223588
"356","data/0.2-0.15-2.5-0.15/32","HKY","strict","birth_death","twin",-18843.5264383477,12.3184180014027,2.70699048834094e-12,8.20146684269595
"357","data/0.2-0.15-2.5-0.15/32","JC69","strict","birth_death","true",-18360.4095534377,10.2055518299653,0.999999935270344,20.8471542364911
"358","data/0.2-0.15-2.5-0.15/32","JC69","strict","yule","true",-18377.0645234578,13.3968680936193,5.84572519993164e-08,11.5739744078928
"359","data/0.2-0.15-2.5-0.15/32","HKY","strict","yule","true",-18384.2352920506,12.4327015388492,4.49379405132997e-11,8.52771618546243
"360","data/0.2-0.15-2.5-0.15/32","HKY","strict","birth_death","true",-18379.3038496757,12.7413258051645,6.22746615998219e-09,11.4920164297235
"361","data/0.2-0.15-2.5-0.2/47","JC69","strict","birth_death","twin",-49239.0126765535,30.1023184249524,9.89093479346077e-05,21.7799388990777
"362","data/0.2-0.15-2.5-0.2/47","JC69","strict","yule","twin",-49271.8667175282,29.1130239597932,5.33222706855901e-19,17.2384656400947
"363","data/0.2-0.15-2.5-0.2/47","HKY","strict","yule","twin",-49303.1565670717,35.5151021736551,1.37372448435874e-32,23.7527036058867
"364","data/0.2-0.15-2.5-0.2/47","HKY","strict","birth_death","twin",-49229.791468663,26.6961882177391,0.999901090652065,29.1363888627274
"365","data/0.2-0.15-2.5-0.2/47","JC69","strict","birth_death","true",-54728.2341981164,31.1180736973037,0.00012941561157679,13.9668556421839
"366","data/0.2-0.15-2.5-0.2/47","JC69","strict","yule","true",-54763.2208739082,30.975110854893,8.2692559132381e-20,18.5642702422799
"367","data/0.2-0.15-2.5-0.2/47","HKY","strict","yule","true",-54719.2818460031,28.6657793075275,0.999870584388423,36.946610259751
"368","data/0.2-0.15-2.5-0.2/47","HKY","strict","birth_death","true",-54758.5273818928,29.2245600446763,9.03283579938785e-18,15.6159693891632
