{
  "@context": [
    "https://doi.org/10.5063/schema/codemeta-2.0",
    "http://schema.org"
  ],
  "@type": "SoftwareSourceCode",
  "identifier": "babette",
  "description": "'BEAST2' (<http://www.beast2.org>) is a widely used\n    Bayesian phylogenetic tool, that uses DNA/RNA/protein data\n    and many model priors to create a posterior of jointly estimated \n    phylogenies and parameters.\n    'BEAST2' is commonly accompanied by 'BEAUti 2' (<http://www.beast2.org>), \n    'Tracer' <http://tree.bio.ed.ac.uk/software/tracer/> \n    and 'DensiTree' (<http://www.beast2.org>).\n    'babette' provides for an alternative workflow of using \n    all these tools separately. This allows doing complex Bayesian\n    phylogenetics easily and reproducibly from 'R'. ",
  "name": "babette: Control BEAST2",
  "codeRepository": "https://github.com/ropensci/babette",
  "issueTracker": "https://github.com/ropensci/babette/issues",
  "license": "https://spdx.org/licenses/GPL-3.0",
  "version": "2.0.2",
  "programmingLanguage": {
    "@type": "ComputerLanguage",
    "name": "R",
    "version": "3.4.2",
    "url": "https://r-project.org"
  },
  "runtimePlatform": "R version 3.4.2 (2017-09-28)",
  "author": [
    {
      "@type": "Person",
      "givenName": "Richèl J.C.",
      "familyName": "Bilderbeek",
      "email": "richel@richelbilderbeek.nl",
      "@id": "https://orcid.org/0000-0003-1107-7049"
    }
  ],
  "maintainer": [
    {
      "@type": "Person",
      "givenName": "Richèl J.C.",
      "familyName": "Bilderbeek",
      "email": "richel@richelbilderbeek.nl",
      "@id": "https://orcid.org/0000-0003-1107-7049"
    }
  ],
  "softwareSuggestions": [
    {
      "@type": "SoftwareApplication",
      "identifier": "ape",
      "name": "ape",
      "provider": {
        "@id": "https://cran.r-project.org",
        "@type": "Organization",
        "name": "Comprehensive R Archive Network (CRAN)",
        "url": "https://cran.r-project.org"
      },
      "sameAs": "https://CRAN.R-project.org/package=ape"
    },
    {
      "@type": "SoftwareApplication",
      "identifier": "devtools",
      "name": "devtools",
      "provider": {
        "@id": "https://cran.r-project.org",
        "@type": "Organization",
        "name": "Comprehensive R Archive Network (CRAN)",
        "url": "https://cran.r-project.org"
      },
      "sameAs": "https://CRAN.R-project.org/package=devtools"
    },
    {
      "@type": "SoftwareApplication",
      "identifier": "ggplot2",
      "name": "ggplot2",
      "provider": {
        "@id": "https://cran.r-project.org",
        "@type": "Organization",
        "name": "Comprehensive R Archive Network (CRAN)",
        "url": "https://cran.r-project.org"
      },
      "sameAs": "https://CRAN.R-project.org/package=ggplot2"
    },
    {
      "@type": "SoftwareApplication",
      "identifier": "hunspell",
      "name": "hunspell",
      "provider": {
        "@id": "https://cran.r-project.org",
        "@type": "Organization",
        "name": "Comprehensive R Archive Network (CRAN)",
        "url": "https://cran.r-project.org"
      },
      "sameAs": "https://CRAN.R-project.org/package=hunspell"
    },
    {
      "@type": "SoftwareApplication",
      "identifier": "knitr",
      "name": "knitr",
      "provider": {
        "@id": "https://cran.r-project.org",
        "@type": "Organization",
        "name": "Comprehensive R Archive Network (CRAN)",
        "url": "https://cran.r-project.org"
      },
      "sameAs": "https://CRAN.R-project.org/package=knitr"
    },
    {
      "@type": "SoftwareApplication",
      "identifier": "lintr",
      "name": "lintr",
      "provider": {
        "@id": "https://cran.r-project.org",
        "@type": "Organization",
        "name": "Comprehensive R Archive Network (CRAN)",
        "url": "https://cran.r-project.org"
      },
      "sameAs": "https://CRAN.R-project.org/package=lintr"
    },
    {
      "@type": "SoftwareApplication",
      "identifier": "nLTT",
      "name": "nLTT",
      "provider": {
        "@id": "https://cran.r-project.org",
        "@type": "Organization",
        "name": "Comprehensive R Archive Network (CRAN)",
        "url": "https://cran.r-project.org"
      },
      "sameAs": "https://CRAN.R-project.org/package=nLTT"
    },
    {
      "@type": "SoftwareApplication",
      "identifier": "rmarkdown",
      "name": "rmarkdown",
      "provider": {
        "@id": "https://cran.r-project.org",
        "@type": "Organization",
        "name": "Comprehensive R Archive Network (CRAN)",
        "url": "https://cran.r-project.org"
      },
      "sameAs": "https://CRAN.R-project.org/package=rmarkdown"
    },
    {
      "@type": "SoftwareApplication",
      "identifier": "spelling",
      "name": "spelling",
      "provider": {
        "@id": "https://cran.r-project.org",
        "@type": "Organization",
        "name": "Comprehensive R Archive Network (CRAN)",
        "url": "https://cran.r-project.org"
      },
      "sameAs": "https://CRAN.R-project.org/package=spelling"
    },
    {
      "@type": "SoftwareApplication",
      "identifier": "testthat",
      "name": "testthat",
      "provider": {
        "@id": "https://cran.r-project.org",
        "@type": "Organization",
        "name": "Comprehensive R Archive Network (CRAN)",
        "url": "https://cran.r-project.org"
      },
      "sameAs": "https://CRAN.R-project.org/package=testthat"
    }
  ],
  "softwareRequirements": [
    {
      "@type": "SoftwareApplication",
      "identifier": "beautier",
      "name": "beautier",
      "provider": {
        "@id": "https://cran.r-project.org",
        "@type": "Organization",
        "name": "Comprehensive R Archive Network (CRAN)",
        "url": "https://cran.r-project.org"
      },
      "sameAs": "https://CRAN.R-project.org/package=beautier"
    },
    {
      "@type": "SoftwareApplication",
      "identifier": "beastier",
      "name": "beastier"
    },
    {
      "@type": "SoftwareApplication",
      "identifier": "mauricer",
      "name": "mauricer"
    },
    {
      "@type": "SoftwareApplication",
      "identifier": "phangorn",
      "name": "phangorn",
      "provider": {
        "@id": "https://cran.r-project.org",
        "@type": "Organization",
        "name": "Comprehensive R Archive Network (CRAN)",
        "url": "https://cran.r-project.org"
      },
      "sameAs": "https://CRAN.R-project.org/package=phangorn"
    },
    {
      "@type": "SoftwareApplication",
      "identifier": "stringr",
      "name": "stringr",
      "provider": {
        "@id": "https://cran.r-project.org",
        "@type": "Organization",
        "name": "Comprehensive R Archive Network (CRAN)",
        "url": "https://cran.r-project.org"
      },
      "sameAs": "https://CRAN.R-project.org/package=stringr"
    },
    {
      "@type": "SoftwareApplication",
      "identifier": "tracerer",
      "name": "tracerer",
      "provider": {
        "@id": "https://cran.r-project.org",
        "@type": "Organization",
        "name": "Comprehensive R Archive Network (CRAN)",
        "url": "https://cran.r-project.org"
      },
      "sameAs": "https://CRAN.R-project.org/package=tracerer"
    },
    {
      "@type": "SoftwareApplication",
      "identifier": "testit",
      "name": "testit",
      "provider": {
        "@id": "https://cran.r-project.org",
        "@type": "Organization",
        "name": "Comprehensive R Archive Network (CRAN)",
        "url": "https://cran.r-project.org"
      },
      "sameAs": "https://CRAN.R-project.org/package=testit"
    },
    {
      "@type": "SoftwareApplication",
      "identifier": "xml2",
      "name": "xml2",
      "provider": {
        "@id": "https://cran.r-project.org",
        "@type": "Organization",
        "name": "Comprehensive R Archive Network (CRAN)",
        "url": "https://cran.r-project.org"
      },
      "sameAs": "https://CRAN.R-project.org/package=xml2"
    }
  ],
  "releaseNotes": "https://github.com/ropensci/babette/blob/master/NEWS.md",
  "readme": "https://github.com/ropensci/babette/blob/master/README.md",
  "fileSize": "1040.984KB",
  "contIntegration": [
    "https://travis-ci.org",
    "https://www.appveyor.com",
    "https://www.codecov.io",
    "https://travis-ci.org/ropensci/babette",
    "https://ci.appveyor.com/project/ropensci/babette/branch/master",
    "https://codecov.io/github/ropensci/babette/branch/master",
    "https://travis-ci.org/ropensci/babette",
    "https://ci.appveyor.com/project/ropensci/babette/branch/develop",
    "https://codecov.io/github/ropensci/babette/branch/develop",
    "https://travis-ci.org/ropensci/beautier",
    "https://ci.appveyor.com/project/ropensci/beautier/branch/master",
    "https://codecov.io/github/ropensci/beautier/branch/master",
    "https://travis-ci.org/ropensci/beastier",
    "https://ci.appveyor.com/project/ropensci/beastier/branch/master",
    "https://codecov.io/github/ropensci/beastier/branch/master",
    "https://travis-ci.org/ropensci/mauricer",
    "https://ci.appveyor.com/project/ropensci/mauricer/branch/master",
    "https://codecov.io/github/ropensci/mauricer/branch/master",
    "https://travis-ci.org/KlausVigo/phangorn",
    "https://codecov.io/github/KlausVigo/phangorn/branch/master",
    "https://travis-ci.org/ropensci/tracerer",
    "https://ci.appveyor.com/project/ropensci/tracerer/branch/master",
    "https://codecov.io/github/ropensci/tracerer/branch/master",
    "https://travis-ci.org/ropensci/lumier",
    "https://codecov.io/github/ropensci/lumier/branch/master"
  ],
  "citation": [
    {
      "@type": "ScholarlyArticle",
      "datePublished": "2018",
      "author": [
        {
          "@type": "Person",
          "givenName": ["Richèl", "JC"],
          "familyName": "Bilderbeek"
        },
        {
          "@type": "Person",
          "givenName": ["Rampal", "S"],
          "familyName": "Etienne"
        }
      ],
      "name": "babette: BEAUti 2, BEAST 2 and Tracer for R",
      "url": "https://doi.org/10.1111/2041-210X.13032",
      "isPartOf": {
        "@type": "PublicationIssue",
        "datePublished": "2018",
        "isPartOf": {
          "@type": ["PublicationVolume", "Periodical"],
          "name": "Methods in Ecology and Evolution"
        }
      }
    }
  ],
  "keywords": [
    "r",
    "r-package",
    "rstats"
  ]
}
